Workbook

Sheet README
A1: GeoSMILE Hull — Prediction-Oriented Expert Reference v2
A3: Status | B3: Provisional single-expert reference for model-evaluation research; not expert consensus, objective ground truth, or causal evidence.
A4: Annotator role | B4: GPT-5.6 Thinking acting as a geospatial crime-analysis expert, revised under the user’s instruction to prioritise Hull city centre and recurrent high-crime contexts.
A5: Scope | B5: 30 non-spatial features and 168 Kingston upon Hull 2021 LSOAs.
A6: Blinding | B6: GeoSMILE coefficients, attribution rankings, fidelity results, and local effects were not used to define the revised expert Geo top 20.
A7: Primary Feature reference | B7: Top 6 of 30 features. The Feature_Annotations sheet is unchanged.
A8: Primary Geo reference | B8: Fixed expert top 20 of 168 LSOAs, recorded in LSOA_Annotations!AF and detailed in Prediction_Top20.
A9: Tier 1 — city centre | B9: All six Hull city-centre LSOAs (029C–029H) occupy ranks 1–6, ordered within the tier by the persistent-crime proxy.
A10: Tier 2 — recurrent high-crime context | B10: Ranks 7–20 are the 14 highest-scoring non-city-centre LSOAs using an external persistent-crime proxy.
A11: Persistent-crime proxy | B11: 0.85 × IoD 2025 Crime Domain risk percentile + 0.15 × Hull population percentile.
A12: Interpretation | B12: The proxy prioritises structurally and repeatedly crime-exposed contexts while retaining a small exposure adjustment. It is not a direct monthly persistence statistic.
A13: Leakage control | B13: Test-period outcomes and GeoSMILE outputs are excluded. When training-period monthly crime recurrence is available, it should replace the external proxy.
A14: Accuracy use | B14: Compare GeoSMILE top 20 with the fixed expert top 20 using precision, recall, F1, Jaccard, lift, AUROC/AUPRC, Spearman, Kendall and nDCG.
... A17: Panel next step | B17: Have at least three independent domain experts review or override the top-20 membership while remaining blinded; report expert agreement.
A19: Locked annotation principle
A20: Geo primary binary label | B20: Use expert_top20_reference = 1 in LSOA_Annotations column AF. Do not use rating ≥ 4 as the primary Geo binary reference.
A21: City-centre membership | B21: 029C: E01012854; 029D: E01012855; 029E: E01033104; 029F: E01033109; 029G: E01035465; 029H: E01035466.
A22: Transparency note | B22: The original evidence-assisted ratings remain in columns A:AB for auditability. The revised prediction-oriented fields are added in columns AC:AH.

Sheet Summary
A1: Prediction-Oriented Expert Reference Summary
A3: KPI | B3: Value | D3: Rating | E3: Features | F3: LSOAs
A4: Features annotated | B4: 30 | D4: 1 | E4: =COUNTIF(Feature_Annotations!$C$2:$C$31,D4) -> 0 | F4: =COUNTIF(LSOA_Annotations!$C$2:$C$169,D4) -> 21
A5: LSOAs annotated | B5: 168 | D5: 2 | E5: =COUNTIF(Feature_Annotations!$C$2:$C$31,D5) -> 4 | F5: =COUNTIF(LSOA_Annotations!$C$2:$C$169,D5) -> 20
A6: Feature reference size | B6: 6 | D6: 3 | E6: =COUNTIF(Feature_Annotations!$C$2:$C$31,D6) -> 10 | F6: =COUNTIF(LSOA_Annotations!$C$2:$C$169,D6) -> 27
A7: Geo reference size | B7: 20 | D7: 4 | E7: =COUNTIF(Feature_Annotations!$C$2:$C$31,D7) -> 8 | F7: =COUNTIF(LSOA_Annotations!$C$2:$C$169,D7) -> 52
A8: City-centre priority LSOAs | B8: 6 | D8: 5 | E8: =COUNTIF(Feature_Annotations!$C$2:$C$31,D8) -> 8 | F8: =COUNTIF(LSOA_Annotations!$C$2:$C$169,D8) -> 48
D9: Total | E9: =SUM(E4:E8) -> 30 | F9: =SUM(F4:F8) -> 168
A10: LSOA confidence | B10: Count | C10: Interpretation
A11: High | B11: 74 | C11: External crime and non-crime context agree and the direction is strong. | E11: Crime-domain dependence | F11: Count | G11: Meaning
A12: Medium | B12: 58 | C12: Moderate agreement or moderate directional strength. | E12: Low | F12: 77 | G12: Main and no-crime ratings are identical.
A13: Low | B13: 36 | C13: Evidence is conflicting or close to the neutral midpoint. | E13: Moderate | F13: 83 | G13: Ratings differ by one level.
A14: Note | C14: Confidence refers to the expert prior, not GeoSMILE reliability. | E14: High | F14: 8 | G14: Ratings differ by two or more levels; review first.
E15: Recommendation | G15: Use the no-crime sensitivity rating in a robustness analysis.
A17: Prediction-oriented expert top 20 LSOAs
A18: Rank | B18: LSOA code | C18: LSOA | D18: Selection tier | E18: Persistent-crime proxy | F18: Crime-risk percentile | G18: Hull population percentile
A19: 1 | B19: E01012855 | C19: Kingston upon Hull 029D | D19: Tier 1: city centre | E19: 0.95787666 | F19: 0.96252296 | G19: 0.93154762
A20: 2 | B20: E01012854 | C20: Kingston upon Hull 029C | D20: Tier 1: city centre | E20: 0.9498802 | F20: 0.95206494 | G20: 0.9375
A21: 3 | B21: E01033104 | C21: Kingston upon Hull 029E | D21: Tier 1: city centre | E21: 0.91371597 | F21: 0.99040114 | G21: 0.47916667
A22: 4 | B22: E01035466 | C22: Kingston upon Hull 029H | D22: Tier 1: city centre | E22: 0.84400775 | F22: 0.95828643 | G22: 0.19642857
A23: 5 | B23: E01035465 | C23: Kingston upon Hull 029G | D23: Tier 1: city centre | E23: 0.80098896 | F23: 0.93026012 | G23: 0.068452381
A24: 6 | B24: E01033109 | C24: Kingston upon Hull 029F | D24: Tier 1: city centre | E24: 0.58734224 | F24: 0.63636902 | G24: 0.30952381
A25: 7 | B25: E01012891 | C25: Kingston upon Hull 030C | D25: Tier 2: recurrent high-crime context | E25: 0.98911888 | F25: 0.99087516 | G25: 0.97916667
A26: 8 | B26: E01035464 | C26: Kingston upon Hull 017G | D26: Tier 2: recurrent high-crime context | E26: 0.98441425 | F26: 0.98954198 | G26: 0.95535714
A27: 9 | B27: E01012857 | C27: Kingston upon Hull 024D | D27: Tier 2: recurrent high-crime context | E27: 0.97252529 | F27: 0.99656337 | G27: 0.83630952
A28: 10 | B28: E01012892 | C28: Kingston upon Hull 030D | D28: Tier 2: recurrent high-crime context | E28: 0.96630122 | F28: 0.97348462 | G28: 0.92559524
A29: 11 | B29: E01012864 | C29: Kingston upon Hull 027D | D29: Tier 2: recurrent high-crime context | E29: 0.96251167 | F29: 0.99318599 | G29: 0.78869048
A30: 12 | B30: E01012850 | C30: Kingston upon Hull 024A | D30: Tier 2: recurrent high-crime context | E30: 0.9594461 | F30: 0.99588197 | G30: 0.75297619
... A38: 20 | B38: E01012893 | C38: Kingston upon Hull 030E | D38: Tier 2: recurrent high-crime context | E38: 0.93784385 | F38: 0.98622385 | G38: 0.66369048
A40: Method note: city-centre LSOAs 029C–029H are fixed at ranks 1–6. Ranks 7–20 use 0.85 × IoD Crime Domain risk percentile + 0.15 × Hull population percentile. This is an external persistence proxy; replace it with training-period monthly recurrence when available.

Sheet Feature_Annotations
A1: feature | B1: feature_group | C1: expert_relevance_1to5 | D1: relevance_label | E1: expected_association | F1: confidence | G1: mechanism_rationale | H1: caveat | I1: annotation_basis | J1: review_status | K1: human_override_1to5 | L1: human_comment | M1: binary_reference_high | N1: final_rating
A2: crime_lag_1 | B2: Temporal history | C2: 5 | D2: Very high | E2: Generally positive: recent crime persistence | F2: High | G2: The immediately preceding period is expected to carry strong short-term persistence and near-repeat information. | H2: Can reflect reporting or policing intensity and overlaps strongly with rolling-history variables. | I2: Expert judgement; S4, S5 | J2: Provisional | M2: =IF(C2>=4,1,0) -> 1 | N2: =IF(K2="",C2,K2) -> 5
A3: crime_lag_2 | B3: Temporal history | C3: 5 | D3: Very high | E3: Generally positive: recent crime persistence | F3: High | G3: The second lag remains close enough in time to represent persistent local risk and repeat/near-repeat processes. | H3: Expected effect may decay and is correlated with other lag and rolling-history variables. | I3: Expert judgement; S4, S5 | J3: Provisional | M3: =IF(C3>=4,1,0) -> 1 | N3: =IF(K3="",C3,K3) -> 5
A4: crime_lag_3 | B4: Temporal history | C4: 4 | D4: High | E4: Generally positive, with weaker temporal proximity | F4: High | G4: The third lag should retain useful persistence information, although less than the most recent periods. | H4: Conditional value may be absorbed by lag 1, lag 2, and rolling averages. | I4: Expert judgement; S4, S5 | J4: Provisional | M4: =IF(C4>=4,1,0) -> 1 | N4: =IF(K4="",C4,K4) -> 4
A5: crime_rolling_mean_3 | B5: Temporal history | C5: 5 | D5: Very high | E5: Generally positive: short-run baseline | F5: High | G5: A three-period rolling mean smooths transient noise while retaining the current local crime regime. | H5: Strong redundancy is expected with the individual recent lags. | I5: Expert judgement; S4, S5 | J5: Provisional | M5: =IF(C5>=4,1,0) -> 1 | N5: =IF(K5="",C5,K5) -> 5
A6: crime_rolling_mean_6 | B6: Temporal history | C6: 5 | D6: Very high | E6: Generally positive: medium-run baseline | F6: High | G6: A six-period mean represents the established local baseline and helps distinguish persistent from temporary fluctuations. | H6: May dampen abrupt changes and is correlated with shorter-history measures. | I6: Expert judgement; S4, S5 | J6: Provisional | M6: =IF(C6>=4,1,0) -> 1 | N6: =IF(K6="",C6,K6) -> 5
A7: month_sin | B7: Seasonality | C7: 3 | D7: Moderate | E7: Cyclical; no standalone positive or negative direction | F7: Medium | G7: Together with month_cos, this encodes annual seasonality that may affect routine activity and crime opportunity. | H7: The sine term must be interpreted jointly with month_cos; its individual sign is not substantively meaningful. | I7: Expert judgement; S6 | J7: Provisional | M7: =IF(C7>=4,1,0) -> 0 | N7: =IF(K7="",C7,K7) -> 3
A8: month_cos | B8: Seasonality | C8: 3 | D8: Moderate | E8: Cyclical; no standalone positive or negative direction | F8: Medium | G8: Together with month_sin, this encodes annual seasonality that may affect routine activity and crime opportunity. | H8: The cosine term must be interpreted jointly with month_sin; its individual sign is not substantively meaningful. | I8: Expert judgement; S6 | J8: Provisional | M8: =IF(C8>=4,1,0) -> 0 | N8: =IF(K8="",C8,K8) -> 3
A9: population_density_per_km2 | B9: Population and exposure | C9: 4 | D9: High | E9: Usually positive for crime counts, but nonlinear | F9: Medium | G9: Density increases the concentration of potential targets, guardians, and interactions, making it a plausible exposure measure. | H9: Direction depends on crime type, denominator choice, land use, and whether the target is a count or rate. | I9: Expert judgement; S6 | J9: Provisional | M9: =IF(C9>=4,1,0) -> 1 | N9: =IF(K9="",C9,K9) -> 4
A10: young_adult_15_34_pct | B10: Population and exposure | C10: 3 | D10: Moderate | E10: Often associated with elevated activity exposure | F10: Medium | G10: A larger young-adult population may increase mobility, nightlife participation, and exposure to public-space opportunities. | H10: This is contextual and non-causal; effects vary by crime type and local institutions. | I10: Expert judgement; S6 | J10: Provisional | M10: =IF(C10>=4,1,0) -> 0 | N10: =IF(K10="",C10,K10) -> 3
A11: older_adult_65_plus_pct | B11: Population and exposure | C11: 2 | D11: Low | E11: Often associated with lower public-space exposure; context dependent | F11: Medium | G11: A higher older-adult share may indicate lower late-night mobility and different routine-activity patterns. | H11: Older residents may face specific victimisation risks; the aggregate direction is not universal. | I11: Expert judgement; S6 | J11: Provisional | M11: =IF(C11>=4,1,0) -> 0 | N11: =IF(K11="",C11,K11) -> 2
A12: social_rented_pct | B12: Tenure and deprivation context | C12: 4 | D12: High | E12: Often positively associated at area level | F12: Medium | G12: Social renting can mark concentrated disadvantage, housing turnover, and place-management conditions relevant to recorded crime patterns. | H12: Must not be interpreted causally or used to stigmatise residents; it may proxy omitted structural conditions. | I12: Expert judgement; S1, S2 | J12: Provisional | M12: =IF(C12>=4,1,0) -> 1 | N12: =IF(K12="",C12,K12) -> 4
A13: private_rented_pct | B13: Tenure and deprivation context | C13: 3 | D13: Moderate | E13: Context dependent; often positive through turnover | F13: Medium | G13: Private renting may capture residential mobility, short tenure, and heterogeneous population turnover. | H13: The association varies greatly between student, affluent, and disadvantaged rental markets. | I13: Expert judgement; S1, S2 | J13: Provisional | M13: =IF(C13>=4,1,0) -> 0 | N13: =IF(K13="",C13,K13) -> 3
... A31: green_space_pct | B31: Green environment | C31: 2 | D31: Low | E31: Ambiguous; potentially protective or risk enhancing | F31: Low | G31: Green space can support use, surveillance, and wellbeing, but poorly managed or isolated spaces can create concealment and low guardianship. | H31: Percentage alone ignores type, quality, access, lighting, visibility, maintenance, and time of use. | I31: Expert judgement; S9 | J31: Provisional | M31: =IF(C31>=4,1,0) -> 0 | N31: =IF(K31="",C31,K31) -> 2

Sheet LSOA_Annotations
A1: lsoa21cd | B1: lsoa21nm | C1: expert_relevance_1to5 | D1: relevance_label | E1: expected_crime_context | F1: confidence | G1: expert_relevance_score | H1: expected_context_score | I1: no_crime_relevance_score | J1: no_crime_rating_1to5 | K1: crime_domain_dependence | L1: crime_risk_percentile_england | M1: noncrime_context_percentile_england | N1: population_percentile_within_hull | O1: crime_decile | P1: income_decile | Q1: employment_decile | R1: education_decile | S1: health_decile | T1: living_environment_decile | U1: population_mid_2022 | V1: rationale | W1: annotation_basis | X1: review_status | Y1: human_override_1to5 | Z1: human_comment | AA1: binary_reference_high | AB1: final_rating | AC1: city_centre_priority | AD1: persistent_crime_proxy | AE1: prediction_expert_rank | AF1: expert_top20_reference | AG1: prediction_selection_basis | AH1: prediction_expert_comment
A2: E01012756 | B2: Kingston upon Hull 025A | C2: 2 | D2: Low | E2: Elevated | F2: Medium | G2: 0.34179887 | H2: 0.66340108 | I2: 0.23411907 | J2: 2 | K2: Low | L2: 0.69224388 | M2: 0.5961012 | N2: 0.40178571 | O2: 4 | P2: 5 | Q2: 5 | R2: 6 | S2: 6 | T2: 2 | U2: 1477 | V2: External evidence indicates an elevated external crime-related context (Crime Domain decile 4; non-crime context percentile 0.60). The combined rubric assigns limited spatial distinctiveness; population exposure is at the 40% percentile within Hull. No-crime-domain sensitivity rating: 2/5. | W2: Evidence-assisted expert prior; IoD 2025 domains and Hull population; GeoSMILE outputs excluded; S1-S3 | X2: Provisional | AA2: =IF(C2>=4,1,0) -> 0 | AB2: =IF(Y2="",C2,Y2) -> 2 | AC2: 0 | AD2: =0.85*L2+0.15*N2 -> 0.64867516 | AE2: =IF(AC2=1,1+COUNTIFS($AC$2:$AC$169,1,$AD$2:$AD$169,">"&AD2),7+COUNTIFS($AC$2:$AC$169,0,$AD$2:$AD$169,">"&AD2)) -> 116 | AF2: =IF(AE2<=20,1,0) -> 0 | AG2: Outside expert top 20 | AH2: Not selected under the fixed prediction-oriented top-20 rule.
A3: E01012757 | B3: Kingston upon Hull 025B | C3: 4 | D3: High | E3: Elevated | F3: Medium | G3: 0.64992709 | H3: 0.87383836 | I3: 0.36728254 | J3: 3 | K3: Moderate | L3: 0.94954672 | M3: 0.69718552 | N3: 0.25892857 | O3: 1 | P3: 4 | Q3: 4 | R3: 6 | S3: 4 | T3: 1 | U3: 1388 | V3: External evidence indicates an elevated external crime-related context (Crime Domain decile 1; non-crime context percentile 0.70). The combined rubric assigns strong spatial distinctiveness; population exposure is at the 26% percentile within Hull. No-crime-domain sensitivity rating: 3/5. | W3: Evidence-assisted expert prior; IoD 2025 domains and Hull population; GeoSMILE outputs excluded; S1-S3 | X3: Provisional | AA3: =IF(C3>=4,1,0) -> 1 | AB3: =IF(Y3="",C3,Y3) -> 4 | AC3: 0 | AD3: =0.85*L3+0.15*N3 -> 0.845954 | AE3: =IF(AC3=1,1+COUNTIFS($AC$2:$AC$169,1,$AD$2:$AD$169,">"&AD3),7+COUNTIFS($AC$2:$AC$169,0,$AD$2:$AD$169,">"&AD3)) -> 66 | AF3: =IF(AE3<=20,1,0) -> 0 | AG3: Outside expert top 20 | AH3: Not selected under the fixed prediction-oriented top-20 rule.
A4: E01012758 | B4: Kingston upon Hull 018A | C4: 1 | D4: Very low | E4: Mixed / near-neutral | F4: Low | G4: 0.18403617 | H4: 0.55363868 | I4: 0.16806556 | J4: 1 | K4: Low | L4: 0.59533685 | M4: 0.45634295 | N4: 0.49107143 | O4: 5 | P4: 8 | Q4: 6 | R4: 9 | S4: 5 | T4: 2 | U4: 1538 | V4: External evidence indicates a mixed or near-neutral external crime-related context (Crime Domain decile 5; non-crime context percentile 0.46). The combined rubric assigns limited spatial distinctiveness; population exposure is at the 49% percentile within Hull. No-crime-domain sensitivity rating: 1/5. | W4: Evidence-assisted expert prior; IoD 2025 domains and Hull population; GeoSMILE outputs excluded; S1-S3 | X4: Provisional | AA4: =IF(C4>=4,1,0) -> 0 | AB4: =IF(Y4="",C4,Y4) -> 1 | AC4: 0 | AD4: =0.85*L4+0.15*N4 -> 0.57969704 | AE4: =IF(AC4=1,1+COUNTIFS($AC$2:$AC$169,1,$AD$2:$AD$169,">"&AD4),7+COUNTIFS($AC$2:$AC$169,0,$AD$2:$AD$169,">"&AD4)) -> 130 | AF4: =IF(AE4<=20,1,0) -> 0 | AG4: Outside expert top 20 | AH4: Not selected under the fixed prediction-oriented top-20 rule.
A5: E01012759 | B5: Kingston upon Hull 025C | C5: 4 | D5: High | E5: Elevated | F5: Medium | G5: 0.56562956 | H5: 0.76869704 | I5: 0.5202376 | J5: 3 | K5: Moderate | L5: 0.7808556 | M5: 0.74032707 | N5: 0.67857143 | O5: 3 | P5: 4 | Q5: 3 | R5: 4 | S5: 3 | T5: 1 | U5: 1670 | V5: External evidence indicates an elevated external crime-related context (Crime Domain decile 3; non-crime context percentile 0.74). The combined rubric assigns strong spatial distinctiveness; population exposure is at the 68% percentile within Hull. No-crime-domain sensitivity rating: 3/5. | W5: Evidence-assisted expert prior; IoD 2025 domains and Hull population; GeoSMILE outputs excluded; S1-S3 | X5: Provisional | AA5: =IF(C5>=4,1,0) -> 1 | AB5: =IF(Y5="",C5,Y5) -> 4 | AC5: 0 | AD5: =0.85*L5+0.15*N5 -> 0.76551298 | AE5: =IF(AC5=1,1+COUNTIFS($AC$2:$AC$169,1,$AD$2:$AD$169,">"&AD5),7+COUNTIFS($AC$2:$AC$169,0,$AD$2:$AD$169,">"&AD5)) -> 96 | AF5: =IF(AE5<=20,1,0) -> 0 | AG5: Outside expert top 20 | AH5: Not selected under the fixed prediction-oriented top-20 rule.
A6: E01012760 | B6: Kingston upon Hull 025D | C6: 3 | D6: Moderate | E6: Elevated | F6: Medium | G6: 0.36712721 | H6: 0.68927594 | I6: 0.35980743 | J6: 3 | K6: Low | L6: 0.69123659 | M6: 0.68470107 | N6: 0.32142857 | O6: 4 | P6: 4 | Q6: 5 | R6: 5 | S6: 4 | T6: 1 | U6: 1435 | V6: External evidence indicates an elevated external crime-related context (Crime Domain decile 4; non-crime context percentile 0.68). The combined rubric assigns moderate spatial distinctiveness; population exposure is at the 32% percentile within Hull. No-crime-domain sensitivity rating: 3/5. | W6: Evidence-assisted expert prior; IoD 2025 domains and Hull population; GeoSMILE outputs excluded; S1-S3 | X6: Provisional | AA6: =IF(C6>=4,1,0) -> 0 | AB6: =IF(Y6="",C6,Y6) -> 3 | AC6: 0 | AD6: =0.85*L6+0.15*N6 -> 0.63576539 | AE6: =IF(AC6=1,1+COUNTIFS($AC$2:$AC$169,1,$AD$2:$AD$169,">"&AD6),7+COUNTIFS($AC$2:$AC$169,0,$AD$2:$AD$169,">"&AD6)) -> 119 | AF6: =IF(AE6<=20,1,0) -> 0 | AG6: Outside expert top 20 | AH6: Not selected under the fixed prediction-oriented top-20 rule.
A7: E01012761 | B7: Kingston upon Hull 015A | C7: 5 | D7: Very high | E7: Elevated | F7: High | G7: 0.90390906 | H7: 0.96486876 | I7: 0.8305984 | J7: 5 | K7: Low | L7: 0.98450554 | M7: 0.91904959 | N7: 0.80059524 | O7: 1 | P7: 2 | Q7: 1 | R7: 1 | S7: 1 | T7: 1 | U7: 1769 | V7: External evidence indicates an elevated external crime-related context (Crime Domain decile 1; non-crime context percentile 0.92). The combined rubric assigns strong spatial distinctiveness; population exposure is at the 80% percentile within Hull. No-crime-domain sensitivity rating: 5/5. | W7: Evidence-assisted expert prior; IoD 2025 domains and Hull population; GeoSMILE outputs excluded; S1-S3 | X7: Provisional | AA7: =IF(C7>=4,1,0) -> 1 | AB7: =IF(Y7="",C7,Y7) -> 5 | AC7: 0 | AD7: =0.85*L7+0.15*N7 -> 0.95691899 | AE7: =IF(AC7=1,1+COUNTIFS($AC$2:$AC$169,1,$AD$2:$AD$169,">"&AD7),7+COUNTIFS($AC$2:$AC$169,0,$AD$2:$AD$169,">"&AD7)) -> 14 | AF7: =IF(AE7<=20,1,0) -> 1 | AG7: Tier 2: high persistent-crime proxy | AH7: Selected among the 14 highest non-city-centre LSOAs by external crime-risk and population-exposure proxy.
A8: E01012762 | B8: Kingston upon Hull 018B | C8: 4 | D8: High | E8: Elevated | F8: Low | G8: 0.57929892 | H8: 0.83936837 | I8: 0.17670414 | J8: 1 | K8: High | L8: 0.94720626 | M8: 0.58774664 | N8: 0.18154762 | O8: 1 | P8: 5 | Q8: 4 | R8: 8 | S8: 5 | T8: 1 | U8: 1339 | V8: External evidence indicates an elevated external crime-related context (Crime Domain decile 1; non-crime context percentile 0.59). The combined rubric assigns strong spatial distinctiveness; population exposure is at the 18% percentile within Hull. No-crime-domain sensitivity rating: 1/5. | W8: Evidence-assisted expert prior; IoD 2025 domains and Hull population; GeoSMILE outputs excluded; S1-S3 | X8: Provisional | AA8: =IF(C8>=4,1,0) -> 1 | AB8: =IF(Y8="",C8,Y8) -> 4 | AC8: 0 | AD8: =0.85*L8+0.15*N8 -> 0.83235746 | AE8: =IF(AC8=1,1+COUNTIFS($AC$2:$AC$169,1,$AD$2:$AD$169,">"&AD8),7+COUNTIFS($AC$2:$AC$169,0,$AD$2:$AD$169,">"&AD8)) -> 72 | AF8: =IF(AE8<=20,1,0) -> 0 | AG8: Outside expert top 20 | AH8: Not selected under the fixed prediction-oriented top-20 rule.
A9: E01012763 | B9: Kingston upon Hull 018C | C9: 5 | D9: Very high | E9: Elevated | F9: Medium | G9: 0.86119692 | H9: 0.94561415 | I9: 0.67021227 | J9: 4 | K9: Moderate | L9: 0.99677075 | M9: 0.82624874 | N9: 0.74107143 | O9: 1 | P9: 2 | Q9: 2 | R9: 4 | S9: 1 | T9: 1 | U9: 1706 | V9: External evidence indicates an elevated external crime-related context (Crime Domain decile 1; non-crime context percentile 0.83). The combined rubric assigns strong spatial distinctiveness; population exposure is at the 74% percentile within Hull. No-crime-domain sensitivity rating: 4/5. | W9: Evidence-assisted expert prior; IoD 2025 domains and Hull population; GeoSMILE outputs excluded; S1-S3 | X9: Provisional | AA9: =IF(C9>=4,1,0) -> 1 | AB9: =IF(Y9="",C9,Y9) -> 5 | AC9: 0 | AD9: =0.85*L9+0.15*N9 -> 0.95841585 | AE9: =IF(AC9=1,1+COUNTIFS($AC$2:$AC$169,1,$AD$2:$AD$169,">"&AD9),7+COUNTIFS($AC$2:$AC$169,0,$AD$2:$AD$169,">"&AD9)) -> 13 | AF9: =IF(AE9<=20,1,0) -> 1 | AG9: Tier 2: high persistent-crime proxy | AH9: Selected among the 14 highest non-city-centre LSOAs by external crime-risk and population-exposure proxy.
A10: E01012764 | B10: Kingston upon Hull 005A | C10: 2 | D10: Low | E10: Lower | F10: Medium | G10: 0.25793853 | H10: 0.34213664 | I10: 0.24959012 | J10: 2 | K10: Low | L10: 0.33990046 | M10: 0.34735439 | N10: 0.026785714 | O10: 7 | P10: 8 | Q10: 7 | R10: 6 | S10: 6 | T10: 8 | U10: 1179 | V10: External evidence indicates a lower external crime-related context (Crime Domain decile 7; non-crime context percentile 0.35). The combined rubric assigns limited spatial distinctiveness; population exposure is at the 3% percentile within Hull. No-crime-domain sensitivity rating: 2/5. | W10: Evidence-assisted expert prior; IoD 2025 domains and Hull population; GeoSMILE outputs excluded; S1-S3 | X10: Provisional | AA10: =IF(C10>=4,1,0) -> 0 | AB10: =IF(Y10="",C10,Y10) -> 2 | AC10: 0 | AD10: =0.85*L10+0.15*N10 -> 0.29293324 | AE10: =IF(AC10=1,1+COUNTIFS($AC$2:$AC$169,1,$AD$2:$AD$169,">"&AD10),7+COUNTIFS($AC$2:$AC$169,0,$AD$2:$AD$169,">"&AD10)) -> 161 | AF10: =IF(AE10<=20,1,0) -> 0 | AG10: Outside expert top 20 | AH10: Not selected under the fixed prediction-oriented top-20 rule.
A11: E01012765 | B11: Kingston upon Hull 005B | C11: 1 | D11: Very low | E11: Mixed / near-neutral | F11: Low | G11: 0.096312674 | H11: 0.47328672 | I11: 0.10014843 | J11: 1 | K11: Low | L11: 0.47431416 | M11: 0.47088938 | N11: 0.26785714 | O11: 6 | P11: 7 | Q11: 7 | R11: 6 | S11: 5 | T11: 4 | U11: 1391 | V11: External evidence indicates a mixed or near-neutral external crime-related context (Crime Domain decile 6; non-crime context percentile 0.47). The combined rubric assigns limited spatial distinctiveness; population exposure is at the 27% percentile within Hull. No-crime-domain sensitivity rating: 1/5. | W11: Evidence-assisted expert prior; IoD 2025 domains and Hull population; GeoSMILE outputs excluded; S1-S3 | X11: Provisional | AA11: =IF(C11>=4,1,0) -> 0 | AB11: =IF(Y11="",C11,Y11) -> 1 | AC11: 0 | AD11: =0.85*L11+0.15*N11 -> 0.4433456 | AE11: =IF(AC11=1,1+COUNTIFS($AC$2:$AC$169,1,$AD$2:$AD$169,">"&AD11),7+COUNTIFS($AC$2:$AC$169,0,$AD$2:$AD$169,">"&AD11)) -> 146 | AF11: =IF(AE11<=20,1,0) -> 0 | AG11: Outside expert top 20 | AH11: Not selected under the fixed prediction-oriented top-20 rule.
A12: E01012766 | B12: Kingston upon Hull 012A | C12: 1 | D12: Very low | E12: Mixed / near-neutral | F12: Low | G12: 0.045299846 | H12: 0.50041062 | I12: 0.23921772 | J12: 2 | K12: Moderate | L12: 0.55270486 | M12: 0.37839071 | N12: 0.22321429 | O12: 5 | P12: 8 | Q12: 8 | R12: 7 | S12: 7 | T12: 4 | U12: 1376 | V12: External evidence indicates a mixed or near-neutral external crime-related context (Crime Domain decile 5; non-crime context percentile 0.38). The combined rubric assigns limited spatial distinctiveness; population exposure is at the 22% percentile within Hull. No-crime-domain sensitivity rating: 2/5. | W12: Evidence-assisted expert prior; IoD 2025 domains and Hull population; GeoSMILE outputs excluded; S1-S3 | X12: Provisional | AA12: =IF(C12>=4,1,0) -> 0 | AB12: =IF(Y12="",C12,Y12) -> 1 | AC12: 0 | AD12: =0.85*L12+0.15*N12 -> 0.50328128 | AE12: =IF(AC12=1,1+COUNTIFS($AC$2:$AC$169,1,$AD$2:$AD$169,">"&AD12),7+COUNTIFS($AC$2:$AC$169,0,$AD$2:$AD$169,">"&AD12)) -> 141 | AF12: =IF(AE12<=20,1,0) -> 0 | AG12: Outside expert top 20 | AH12: Not selected under the fixed prediction-oriented top-20 rule.
A13: E01012767 | B13: Kingston upon Hull 012B | C13: 3 | D13: Moderate | E13: Elevated | F13: Medium | G13: 0.35081757 | H13: 0.65266872 | I13: 0.14610915 | J13: 1 | K13: High | L13: 0.70750133 | M13: 0.52472596 | N13: 0.5327381 | O13: 3 | P13: 7 | Q13: 7 | R13: 8 | S13: 4 | T13: 2 | U13: 1559 | V13: External evidence indicates an elevated external crime-related context (Crime Domain decile 3; non-crime context percentile 0.52). The combined rubric assigns moderate spatial distinctiveness; population exposure is at the 53% percentile within Hull. No-crime-domain sensitivity rating: 1/5. | W13: Evidence-assisted expert prior; IoD 2025 domains and Hull population; GeoSMILE outputs excluded; S1-S3 | X13: Provisional | AA13: =IF(C13>=4,1,0) -> 0 | AB13: =IF(Y13="",C13,Y13) -> 3 | AC13: 0 | AD13: =0.85*L13+0.15*N13 -> 0.68128685 | AE13: =IF(AC13=1,1+COUNTIFS($AC$2:$AC$169,1,$AD$2:$AD$169,">"&AD13),7+COUNTIFS($AC$2:$AC$169,0,$AD$2:$AD$169,">"&AD13)) -> 111 | AF13: =IF(AE13<=20,1,0) -> 0 | AG13: Outside expert top 20 | AH13: Not selected under the fixed prediction-oriented top-20 rule.
... A169: E01035472 | B169: Kingston upon Hull 035C | C169: 4 | D169: High | E169: Lower | F169: Medium | G169: 0.55125612 | H169: 0.25479528 | I169: 0.6783005 | J169: 4 | K169: Low | L169: 0.28882503 | M169: 0.17539255 | N169: 0.79464286 | O169: 8 | P169: 8 | Q169: 10 | R169: 9 | S169: 6 | T169: 10 | U169: 1768 | V169: External evidence indicates a lower external crime-related context (Crime Domain decile 8; non-crime context percentile 0.18). The combined rubric assigns strong spatial distinctiveness; population exposure is at the 79% percentile within Hull. No-crime-domain sensitivity rating: 4/5. | W169: Evidence-assisted expert prior; IoD 2025 domains and Hull population; GeoSMILE outputs excluded; S1-S3 | X169: Provisional | AA169: =IF(C169>=4,1,0) -> 1 | AB169: =IF(Y169="",C169,Y169) -> 4 | AC169: 0 | AD169: =0.85*L169+0.15*N169 -> 0.3646977 | AE169: =IF(AC169=1,1+COUNTIFS($AC$2:$AC$169,1,$AD$2:$AD$169,">"&AD169),7+COUNTIFS($AC$2:$AC$169,0,$AD$2:$AD$169,">"&AD169)) -> 156 | AF169: =IF(AE169<=20,1,0) -> 0 | AG169: Outside expert top 20 | AH169: Not selected under the fixed prediction-oriented top-20 rule.

Sheet Rubric
A1: Annotation Rubric and Evaluation Protocol
A3: Rating | B3: Label | C3: Meaning | D3: Evaluation dimension | E3: Recommended metric | F3: Interpretation
A4: 1 | B4: Very low | C4: Little expected substantive relevance or weak spatial distinctiveness. | D4: Expert-reference accuracy | E4: Spearman(|attribution|, final rating) | F4: Ordinal rank alignment.
A5: 2 | B5: Low | C5: Plausible but secondary relevance; evidence is limited or ambiguous. | D5: Ranking quality | E5: nDCG@10%, nDCG@20% | F5: Rewards correct ordering near the top.
A6: 3 | B6: Moderate | C6: Credible relevance, but not expected to dominate or remain unique after correlated predictors. | D6: Binary discrimination | E6: AUROC and AUPRC | F6: Uses rating 4–5 as the positive reference.
A7: 4 | B7: High | C7: Strong expected relevance supported by theory or external context. | D7: Selection agreement | E7: Precision@k and Recall@k | F7: Overlap with expert high-relevance set.
A8: 5 | B8: Very high | C8: Core predictive or spatial signal expected before inspecting model output. | D8: Expert agreement | E8: Krippendorff alpha / weighted kappa; Kendall W | F8: Only after multiple independent experts annotate.
A9: Binary label | B9: Ratings 4–5 = 1 | C9: Used for AUROC, AUPRC, Precision@k, and Recall@k. | D9: Model faithfulness | E9: Attribution-mass versus observed impact; top/random/bottom deletion | F9: Must remain separate from expert agreement.
A11: Prediction-oriented Geo top-20 protocol | B11: Prediction-oriented Geo top-20 protocol | C11: Prediction-oriented Geo top-20 protocol | D11: Prediction-oriented Geo top-20 protocol | E11: Prediction-oriented Geo top-20 protocol | F11: Prediction-oriented Geo top-20 protocol
A12: Component | B12: Rule | C12: Purpose | D12: Data used | E12: Excluded | F12: Interpretation
A13: Tier 1: city centre | B13: All LSOAs 029C–029H receive ranks 1–6. | C13: Prioritise Hull’s principal activity, retail, nightlife and transport core. | D13: LSOA names/codes and external crime context. | E13: GeoSMILE outputs and test outcomes. | F13: User-directed expert prior.
A14: Within-tier order | B14: Order the six city-centre LSOAs by persistent-crime proxy. | C14: Provide a transparent order without using model attribution. | D14: IoD Crime Domain and Hull population percentile. | E14: GeoSMILE coefficients. | F14: Rank is predictive-prior importance, not causality.
A15: Tier 2: recurrent high-crime context | B15: Select 14 highest non-city-centre LSOAs by the proxy. | C15: Include areas with structurally high and repeatedly reported crime context. | D15: External crime-risk percentile and population exposure. | E15: Test-period crime and GeoSMILE rankings. | F15: Proxy for recurrence, not direct monthly recurrence.
A16: Persistent-crime proxy | B16: 0.85 × crime-risk percentile + 0.15 × Hull population percentile. | C16: Emphasise crime context while adjusting slightly for exposed population. | D16: Columns L and N in LSOA_Annotations. | E16: Non-crime deprivation in the primary score. | F16: Higher values imply stronger prior predictive relevance.
A17: Primary Geo label | B17: expert_top20_reference = 1 for ranks 1–20. | C17: Fixed-cardinality expert reference for ATT evaluation. | D17: Columns AE–AF. | E17: Rating ≥ 4 as primary Geo label. | F17: Use Geo top 20 versus expert top 20.
A18: Required future upgrade | B18: Replace the proxy with training-period recurrence statistics when the monthly panel is available. | C18: Measure actual persistence directly. | D18: Training-period mean, median, high-quintile frequency, longest high-crime run, recent level. | E18: Test-period observations. | F18: This workbook does not contain monthly crime histories.

Sheet Sources
A1: source_id | B1: type | C1: title | D1: url | E1: used_for
A2: S1 | B2: Official statistics | C2: English indices of deprivation 2025 | D2: https://www.gov.uk/government/statistics/english-indices-of-deprivation-2025 | E2: LSOA external evidence and official ranks/deciles.
A3: S2 | B3: Official methodology | C3: English indices of deprivation 2025: technical report | D3: https://www.gov.uk/government/publications/english-indices-of-deprivation-2025-technical-report | E3: Definitions, construction, and limitations of deprivation domains.
A4: S3 | B4: Local official profile | C4: Hull Data Observatory — LSOA Profiles | D4: https://data.hull.gov.uk/hull-profiles/lsoa/ | E4: Hull LSOA context and geography.
A5: S4 | B5: Peer-reviewed research | C5: Weisburd (2015), The Law of Crime Concentration and the Criminology of Place | D5: https://doi.org/10.1111/1745-9125.12070 | E5: Crime concentration and place-based relevance.
A6: S5 | B6: Peer-reviewed research | C6: Mohler et al. (2011), Self-Exciting Point Process Modeling of Crime | D6: https://doi.org/10.1198/jasa.2011.ap09546 | E6: Temporal persistence and near-repeat dynamics.
A7: S6 | B7: Peer-reviewed research | C7: Cohen and Felson (1979), A Routine Activity Approach | D7: https://doi.org/10.2307/2094589 | E7: Routine activities, targets, guardianship, and exposure.
A8: S7 | B8: Peer-reviewed research | C8: Brantingham and Brantingham (1995), Crime Generators and Crime Attractors | D8: https://doi.org/10.1007/BF02242925 | E8: Activity nodes, movement networks, generators, and attractors.
A9: S8 | B9: Peer-reviewed research | C9: McCord et al. (2007), Nonresidential Crime Attractors and Generators | D9: https://doi.org/10.1177/0022427807301676 | E9: Land-use and non-residential activity-node relevance.
A10: S9 | B10: Peer-reviewed research | C10: Kimpton et al. (2017), Greenspace and Crime | D10: https://doi.org/10.1177/0022427816666309 | E10: Context-dependent relationships between greenspace type and crime.

Sheet Prediction_Top20
A1: Hull GeoSMILE — Prediction-Oriented Expert Top 20
A3: Primary purpose | B3: Define LSOAs expected to matter most for accurate next-month crime prediction before inspecting GeoSMILE output.
A4: Reference size | B4: 20 of 168 LSOAs.
A5: Tier 1 | B5: All six city-centre LSOAs (029C–029H), fixed at ranks 1–6.
A6: Tier 2 | B6: Fourteen highest non-city-centre LSOAs by the persistent-crime proxy.
A7: Proxy | B7: 0.85 × IoD Crime Domain risk percentile + 0.15 × Hull population percentile.
A8: Important limitation | B8: This workbook lacks monthly training-period crime histories; the proxy represents structural/recurrent crime context rather than directly measured recurrence.
A10: Rank | B10: LSOA code | C10: LSOA name | D10: Priority tier | E10: City-centre flag | F10: Persistent-crime proxy | G10: Crime-risk percentile | H10: Expert rationale
A11: 1 | B11: E01012855 | C11: Kingston upon Hull 029D | D11: Tier 1: city centre | E11: 1 | F11: 0.95787666 | G11: 0.96252296 | H11: Forced city-centre priority; major activity, retail, nightlife and transport context. Ordered within city-centre tier by the external persistent-crime proxy.
A12: 2 | B12: E01012854 | C12: Kingston upon Hull 029C | D12: Tier 1: city centre | E12: 1 | F12: 0.9498802 | G12: 0.95206494 | H12: Forced city-centre priority; major activity, retail, nightlife and transport context. Ordered within city-centre tier by the external persistent-crime proxy.
A13: 3 | B13: E01033104 | C13: Kingston upon Hull 029E | D13: Tier 1: city centre | E13: 1 | F13: 0.91371597 | G13: 0.99040114 | H13: Forced city-centre priority; major activity, retail, nightlife and transport context. Ordered within city-centre tier by the external persistent-crime proxy.
A14: 4 | B14: E01035466 | C14: Kingston upon Hull 029H | D14: Tier 1: city centre | E14: 1 | F14: 0.84400775 | G14: 0.95828643 | H14: Forced city-centre priority; major activity, retail, nightlife and transport context. Ordered within city-centre tier by the external persistent-crime proxy.
A15: 5 | B15: E01035465 | C15: Kingston upon Hull 029G | D15: Tier 1: city centre | E15: 1 | F15: 0.80098896 | G15: 0.93026012 | H15: Forced city-centre priority; major activity, retail, nightlife and transport context. Ordered within city-centre tier by the external persistent-crime proxy.
A16: 6 | B16: E01033109 | C16: Kingston upon Hull 029F | D16: Tier 1: city centre | E16: 1 | F16: 0.58734224 | G16: 0.63636902 | H16: Forced city-centre priority; major activity, retail, nightlife and transport context. Ordered within city-centre tier by the external persistent-crime proxy.
A17: 7 | B17: E01012891 | C17: Kingston upon Hull 030C | D17: Tier 2: recurrent high-crime context | E17: 0 | F17: 0.98911888 | G17: 0.99087516 | H17: Selected among the 14 highest non-city-centre LSOAs by external crime-risk and population-exposure proxy.
A18: 8 | B18: E01035464 | C18: Kingston upon Hull 017G | D18: Tier 2: recurrent high-crime context | E18: 0 | F18: 0.98441425 | G18: 0.98954198 | H18: Selected among the 14 highest non-city-centre LSOAs by external crime-risk and population-exposure proxy.
A19: 9 | B19: E01012857 | C19: Kingston upon Hull 024D | D19: Tier 2: recurrent high-crime context | E19: 0 | F19: 0.97252529 | G19: 0.99656337 | H19: Selected among the 14 highest non-city-centre LSOAs by external crime-risk and population-exposure proxy.
A20: 10 | B20: E01012892 | C20: Kingston upon Hull 030D | D20: Tier 2: recurrent high-crime context | E20: 0 | F20: 0.96630122 | G20: 0.97348462 | H20: Selected among the 14 highest non-city-centre LSOAs by external crime-risk and population-exposure proxy.
A21: 11 | B21: E01012864 | C21: Kingston upon Hull 027D | D21: Tier 2: recurrent high-crime context | E21: 0 | F21: 0.96251167 | G21: 0.99318599 | H21: Selected among the 14 highest non-city-centre LSOAs by external crime-risk and population-exposure proxy.
A22: 12 | B22: E01012850 | C22: Kingston upon Hull 024A | D22: Tier 2: recurrent high-crime context | E22: 0 | F22: 0.9594461 | G22: 0.99588197 | H22: Selected among the 14 highest non-city-centre LSOAs by external crime-risk and population-exposure proxy.
... A30: 20 | B30: E01012893 | C30: Kingston upon Hull 030E | D30: Tier 2: recurrent high-crime context | E30: 0 | F30: 0.93784385 | G30: 0.98622385 | H30: Selected among the 14 highest non-city-centre LSOAs by external crime-risk and population-exposure proxy.
